[{"model": "recipes.quantityingredient", "pk": 1, "fields": {"ingredient": 2186, "quantity": 2}}, {"model": "recipes.quantityingredient", "pk": 2, "fields": {"ingredient": 1688, "quantity": 4}}, {"model": "recipes.quantityingredient", "pk": 3, "fields": {"ingredient": 1550, "quantity": 90}}, {"model": "recipes.quantityingredient", "pk": 4, "fields": {"ingredient": 1034, "quantity": 500}}, {"model": "recipes.quantityingredient", "pk": 5, "fields": {"ingredient": 1402, "quantity": 500}}, {"model": "recipes.quantityingredient", "pk": 6, "fields": {"ingredient": 1673, "quantity": 4}}, {"model": "recipes.quantityingredient", "pk": 7, "fields": {"ingredient": 1423, "quantity": 70}}, {"model": "recipes.quantityingredient", "pk": 8, "fields": {"ingredient": 1809, "quantity": 500}}, {"model": "recipes.quantityingredient", "pk": 9, "fields": {"ingredient": 2186, "quantity": 2}}, {"model": "recipes.quantityingredient", "pk": 10, "fields": {"ingredient": 1402, "quantity": 200}}, {"model": "recipes.quantityingredient", "pk": 11, "fields": {"ingredient": 1550, "quantity": 50}}, {"model": "recipes.quantityingredient", "pk": 12, "fields": {"ingredient": 1338, "quantity": 100}}, {"model": "recipes.quantityingredient", "pk": 13, "fields": {"ingredient": 781, "quantity": 500}}, {"model": "recipes.quantityingredient", "pk": 14, "fields": {"ingredient": 1782, "quantity": 200}}, {"model": "recipes.quantityingredient", "pk": 15, "fields": {"ingredient": 557, "quantity": 400}}, {"model": "recipes.quantityingredient", "pk": 16, "fields": {"ingredient": 881, "quantity": 100}}, {"model": "recipes.quantityingredient", "pk": 17, "fields": {"ingredient": 1055, "quantity": 180}}, {"model": "recipes.quantityingredient", "pk": 18, "fields": {"ingredient": 1650, "quantity": 25}}, {"model": "recipes.quantityingredient", "pk": 19, "fields": {"ingredient": 1688, "quantity": 2}}, {"model": "recipes.quantityingredient", "pk": 20, "fields": {"ingredient": 1286, "quantity": 1}}, {"model": "recipes.quantityingredient", "pk": 21, "fields": {"ingredient": 436, "quantity": 2}}, {"model": "recipes.quantityingredient", "pk": 22, "fields": {"ingredient": 817, "quantity": 1}}, {"model": "recipes.quantityingredient", "pk": 23, "fields": {"ingredient": 345, "quantity": 1}}, {"model": "recipes.quantityingredient", "pk": 24, "fields": {"ingredient": 1717, "quantity": 250}}, {"model": "recipes.quantityingredient", "pk": 25, "fields": {"ingredient": 1650, "quantity": 20}}, {"model": "recipes.quantityingredient", "pk": 26, "fields": {"ingredient": 2061, "quantity": 2}}, {"model": "recipes.quantityingredient", "pk": 27, "fields": {"ingredient": 882, "quantity": 1}}, {"model": "recipes.quantityingredient", "pk": 28, "fields": {"ingredient": 120, "quantity": 50}}, {"model": "recipes.quantityingredient", "pk": 29, "fields": {"ingredient": 1640, "quantity": 200}}, {"model": "recipes.quantityingredient", "pk": 30, "fields": {"ingredient": 1754, "quantity": 50}}, {"model": "recipes.quantityingredient", "pk": 31, "fields": {"ingredient": 2186, "quantity": 4}}, {"model": "recipes.quantityingredient", "pk": 32, "fields": {"ingredient": 1688, "quantity": 4}}, {"model": "recipes.quantityingredient", "pk": 33, "fields": {"ingredient": 781, "quantity": 500}}, {"model": "recipes.quantityingredient", "pk": 34, "fields": {"ingredient": 1678, "quantity": 10}}, {"model": "recipes.quantityingredient", "pk": 35, "fields": {"ingredient": 2163, "quantity": 40}}, {"model": "recipes.quantityingredient", "pk": 36, "fields": {"ingredient": 1550, "quantity": 15}}, {"model": "recipes.quantityingredient", "pk": 37, "fields": {"ingredient": 252, "quantity": 125}}, {"model": "recipes.quantityingredient", "pk": 38, "fields": {"ingredient": 1858, "quantity": 4}}, {"model": "recipes.quantityingredient", "pk": 39, "fields": {"ingredient": 1239, "quantity": 10}}, {"model": "recipes.quantityingredient", "pk": 40, "fields": {"ingredient": 26, "quantity": 15}}, {"model": "recipes.quantityingredient", "pk": 41, "fields": {"ingredient": 1345, "quantity": 2}}, {"model": "recipes.quantityingredient", "pk": 42, "fields": {"ingredient": 279, "quantity": 500}}, {"model": "recipes.quantityingredient", "pk": 43, "fields": {"ingredient": 888, "quantity": 5}}, {"model": "recipes.quantityingredient", "pk": 44, "fields": {"ingredient": 1145, "quantity": 3}}, {"model": "recipes.quantityingredient", "pk": 45, "fields": {"ingredient": 1858, "quantity": 2}}, {"model": "recipes.quantityingredient", "pk": 46, "fields": {"ingredient": 557, "quantity": 1000}}, {"model": "recipes.quantityingredient", "pk": 47, "fields": {"ingredient": 167, "quantity": 250}}, {"model": "recipes.quantityingredient", "pk": 48, "fields": {"ingredient": 2061, "quantity": 3}}, {"model": "recipes.quantityingredient", "pk": 49, "fields": {"ingredient": 1550, "quantity": 250}}, {"model": "recipes.quantityingredient", "pk": 50, "fields": {"ingredient": 2186, "quantity": 5}}, {"model": "recipes.quantityingredient", "pk": 51, "fields": {"ingredient": 1402, "quantity": 250}}, {"model": "recipes.quantityingredient", "pk": 52, "fields": {"ingredient": 2143, "quantity": 7}}, {"model": "recipes.quantityingredient", "pk": 53, "fields": {"ingredient": 1423, "quantity": 1}}, {"model": "recipes.quantityingredient", "pk": 54, "fields": {"ingredient": 1673, "quantity": 2}}, {"model": "recipes.quantityingredient", "pk": 55, "fields": {"ingredient": 785, "quantity": 4}}, {"model": "recipes.quantityingredient", "pk": 56, "fields": {"ingredient": 882, "quantity": 2}}, {"model": "recipes.quantityingredient", "pk": 57, "fields": {"ingredient": 1275, "quantity": 3}}, {"model": "recipes.quantityingredient", "pk": 58, "fields": {"ingredient": 2061, "quantity": 3}}, {"model": "recipes.quantityingredient", "pk": 59, "fields": {"ingredient": 1345, "quantity": 4}}, {"model": "recipes.quantityingredient", "pk": 60, "fields": {"ingredient": 1130, "quantity": 1}}, {"model": "recipes.quantityingredient", "pk": 61, "fields": {"ingredient": 1754, "quantity": 100}}, {"model": "recipes.quantityingredient", "pk": 62, "fields": {"ingredient": 252, "quantity": 125}}, {"model": "recipes.quantityingredient", "pk": 63, "fields": {"ingredient": 1637, "quantity": 1}}, {"model": "recipes.quantityingredient", "pk": 64, "fields": {"ingredient": 1164, "quantity": 4}}, {"model": "recipes.quantityingredient", "pk": 65, "fields": {"ingredient": 1650, "quantity": 1}}, {"model": "recipes.tag", "pk": 1, "fields": {"title": "Завтрак", "tag": "breakfast"}}, {"model": "recipes.tag", "pk": 2, "fields": {"title": "Обед", "tag": "lunch"}}, {"model": "recipes.tag", "pk": 3, "fields": {"title": "Ужин", "tag": "dinner"}}, {"model": "recipes.recipe", "pk": 1, "fields": {"author": 1, "title": "Американские блины", "description": "<ol>\r\n\t<li><span style=\"font-size:16px\"><span style=\"font-family:Times New Roman,Times,serif\">Яйца взбить с сахаром и солью до появления пены.</span></span></li>\r\n\t<li><span style=\"font-size:16px\"><span style=\"font-family:Times New Roman,Times,serif\">Добавить стакан молока, хорошо взбить венчиком, постепенно всыпать муку, постоянно разбивая комочки венчиком.</span></span></li>\r\n\t<li><span style=\"font-size:16px\"><span style=\"font-family:Times New Roman,Times,serif\">Повторить предыдущий пункт, добавив оставшиеся стаканы молока и муки.</span></span></li>\r\n\t<li><span style=\"font-size:16px\"><span style=\"font-family:Times New Roman,Times,serif\">Влить растительное масло (можно заменить топленым сливочным).</span></span></li>\r\n\t<li><span style=\"font-size:16px\"><span style=\"font-family:Times New Roman,Times,serif\">Погасить соду, добавить в тесто и еще раз хорошо перемешать. Оставить постоять минут 5&ndash;10. За это время разогреть сковороду.</span></span></li>\r\n\t<li><span style=\"font-size:16px\"><span style=\"font-family:Times New Roman,Times,serif\">Жарить на умеренном огне. Как только появятся и начнут лопаться пузырьки, перевернуть оладушек и жарить еще секунд 20.</span></span></li>\r\n</ol>", "slug": "recipe", "cooking_time": 20, "image": "testCardImg.png", "pub_date": "2021-06-04T14:50:57.301Z", "ingredients": [1, 2, 3, 4, 5, 6, 7], "tag": [1, 2, 3]}}, {"model": "recipes.recipe", "pk": 2, "fields": {"author": 1, "title": "Сырники из творога", "description": "<p><span style=\"font-family:Times New Roman,Times,serif\"><em><span style=\"font-size:14px\">Главный секрет идеальных сырников &mdash; а точнее творожников, &mdash; творог нужно протереть через мелкое сито и отжать от влаги. Жирность предпочтительна не больше и не меньше 9%. Тесто должно получиться эластичным, чтобы при надавливании сырник не треснул на сковородке, а сохранил форму. Если все сделать правильно, получатся нежные однородные кругляшки под плотной румяной корочкой. Сырники можно запекать в духовке или готовить на пару. В рецепте не исключаются эксперименты с начинкой &mdash; сухофрукты, орехи, свежие фрукты и даже картофель лишними не будут</span>.</em></span></p>\r\n\r\n<p style=\"text-align:center\">&nbsp;</p>\r\n\r\n<p style=\"text-align:center\"><span style=\"font-size:18px\"><em><strong><span style=\"font-family:Times New Roman,Times,serif\">Приготовление</span></strong></em></span></p>\r\n\r\n<ol>\r\n\t<li><span style=\"font-family:Times New Roman,Times,serif\"><span style=\"font-size:16px\">Положите весь творог в кастрюльку и разомните его вилкой так, чтобы в нем не осталось крупных комков. Разбейте в него яйца, всыпьте сахар и тщательно все перемешайте. Лучше не использовать слишком сухой или слишком влажный творог, иначе сырники будут разваливаться в процессе приготовления.</span></span></li>\r\n\t<li><span style=\"font-family:Times New Roman,Times,serif\"><span style=\"font-size:16px\">Всыпьте в творог 5 столовых ложек (с горкой) муки и тщательно перемешайте. Можно добавить немного больше муки, сырники получатся тогда более плотными. Или муки можно добавить чуть меньше, и тогда сырники будут нежнее. В итоге у вас должна получиться однородная масса, из которой можно будет лепить сырники.</span></span></li>\r\n\t<li><span style=\"font-family:Times New Roman,Times,serif\"><span style=\"font-size:16px\">Поставьте сковороду на средний огонь и налейте в нее подсолнечное масло.</span></span></li>\r\n\t<li><span style=\"font-family:Times New Roman,Times,serif\"><span style=\"font-size:16px\">Насыпьте на тарелку немного муки. Слепите несколько небольших шариков из получившейся творожной массы и положите их на тарелку. Лучше лепить разом 4&ndash;5 шариков &mdash; столько, сколько поместится одновременно на сковороду. Затем по очереди обкатывайте творожные шарики в муке, плющите их в небольшие лепешки (они не должны быть слишком тонкие) и выкладывайте на сковороду.</span></span></li>\r\n\t<li><span style=\"font-family:Times New Roman,Times,serif\"><span style=\"font-size:16px\">Обжаривайте сырники 1&ndash;2 минуты до появления золотистой корочки. Затем переверните их на другую сторону и также обжарьте до золотистого состояния.</span></span></li>\r\n\t<li><span style=\"font-family:Times New Roman,Times,serif\"><span style=\"font-size:16px\">Повторяйте, пока творог не закончится.</span></span></li>\r\n</ol>", "slug": "recipe-2", "cooking_time": 30, "image": "testCardImg.png", "pub_date": "2021-06-04T14:55:20.126Z", "ingredients": [8, 9, 10, 11, 12], "tag": [1, 2, 3]}}, {"model": "recipes.recipe", "pk": 3, "fields": {"author": 1, "title": "Сырный суп по‑французски с курицей", "description": "<ol>\r\n\t<li><span style=\"font-family:Times New Roman,Times,serif\"><span style=\"font-size:16px\">В кастрюлю на 3 литра положить мясо и налить воды. Как только бульон начнет кипеть, добавить 1 чайную ложку соли, пару горошков душистого перца и черного, 2&ndash;3 листика лаврового листа. Варить от момента закипания 20 минут. Затем мясо вынуть.</span></span></li>\r\n\t<li><span style=\"font-family:Times New Roman,Times,serif\"><span style=\"font-size:16px\">Картофель почистить и нарезать кубиками. Лук нарезать кубиками. Морковь натереть на терке. Мясо порезать небольшими кусочками. Плавленый сыр (если в виде брусочка) натереть на терке или порезать кубиками.</span></span></li>\r\n\t<li><span style=\"font-family:Times New Roman,Times,serif\"><span style=\"font-size:16px\">В кипящий бульон добавить картофель. С момента закипания 5&ndash;7 минут.</span></span></li>\r\n\t<li><span style=\"font-family:Times New Roman,Times,serif\"><span style=\"font-size:16px\">это время сделать слабую зажарку на сливочном масле. Сначала положить лук, затем морковь. Слегка посолить и поперчить. Готовую зажарку добавить в суп и варить еще 5&ndash;7 минут.</span></span></li>\r\n\t<li><span style=\"font-family:Times New Roman,Times,serif\"><span style=\"font-size:16px\">Затем добавить порезанное мясо. Варить 3&ndash;4 минуты, добавить плавленый сыр, хорошенько помешать и выключить огонь.</span></span></li>\r\n\t<li><span style=\"font-family:Times New Roman,Times,serif\"><span style=\"font-size:16px\">Перед подачей посыпать зеленью. По желанию подавать с гренками.</span></span></li>\r\n</ol>", "slug": "recipe-3", "cooking_time": 60, "image": "testCardImg.png", "pub_date": "2021-06-04T14:59:17.630Z", "ingredients": [13, 14, 15, 16, 17, 18, 19, 20, 21, 22, 23], "tag": [2]}}, {"model": "recipes.recipe", "pk": 4, "fields": {"author": 1, "title": "Спагетти карбонара с красным луком", "description": "<p><span style=\"font-size:14px\"><span style=\"font-family:Times New Roman,Times,serif\"><em>Спагетти карбонара &mdash; хоть блюдо и итальянское, оно имеет хорошую популярность во всем мире, в том числе и у нас. Изобретенная когда-то простыми шахтерами, эта простая и сытная паста завоевала сердца и желудки многих. Для карбонары нужно выбирать такие ломтики бекона, где больше мяса и меньше жира. Если его будет много, то, вытапливаясь при готовке, он сделает пасту слишком тяжелой. Можно подавить чеснок и бросить в поджарку. Но, чтобы блюдо приобрело утонченный, еле уловимый аромат, достаточно потомить ломтики чеснока в масле и убрать из сковороды спустя пару минут. Не обязательно использовать в рецепте карбонары спагетти &mdash; выбирайте любимые макароны из 500 видов всевозможной пасты. Но только из твердых сортов пшеницы.</em></span></span></p>\r\n\r\n<ol>\r\n\t<li>Вскипятите воду в большой кастрюле и сварите пасту до состояния аль денте. Обычно для этого нужно варить ее на минуту меньше, чем указано на пачке.</li>\r\n\t<li>Пока паста варится, растопите на сковороде масло и обжарьте на нем мелко нарезанные лук, чеснок и бекон. До мягкости и до отчетливого чесночного и жаренобеконного запаха.</li>\r\n\t<li>Снимите сковороду с огня и в глубокой миске взбейте четыре яичных желтка со сливками и тертым пармезаном. Посолите и поперчите смесь, еще раз взбейте.</li>\r\n\t<li>В готовые спагетти вывалите обжаренные с луком и чесноком кусочки бекона. Влейте смесь сливок, желтков и пармезана, перемешайте. И сразу подавайте, посыпав свеженатертым сыром и черным молотым перцем.</li>\r\n</ol>", "slug": "recipe-4", "cooking_time": 20, "image": "testCardImg.png", "pub_date": "2021-06-04T15:03:10.123Z", "ingredients": [24, 25, 26, 27, 28, 29, 30, 31, 32], "tag": [3]}}, {"model": "recipes.recipe", "pk": 5, "fields": {"author": 1, "title": "Курица в кисло-сладком соусе по‑китайски", "description": "<ol>\r\n\t<li><span style=\"font-family:Times New Roman,Times,serif\"><span style=\"font-size:16px\">Куриное филе нарезать тонкими полосками, сложить в миску, залить соевым соусом (примерно 6 столовых ложек) и немного поперчить.</span></span></li>\r\n\t<li><span style=\"font-family:Times New Roman,Times,serif\"><span style=\"font-size:16px\">Для приготовления соуса в глубокой сковородке, лучше в воке, смешать уксус, соевый соус (примерно 4 столовые ложки), томатную пасту. Поставить на огонь и прогреть, добавив часть сахара. Добавить воды, положить нарезанный полосками перец, консервированный ананас и помидоры. Попробовать на вкус. Если соус слишком кислый, добавить остатки сахара. Тушить на медленном огне около 10 минут. Овощи должны оставаться слегка твердыми. Соус должен быть в меру густым.</span></span></li>\r\n\t<li><span style=\"font-family:Times New Roman,Times,serif\"><span style=\"font-size:16px\">Обжарить курицу, соединить с соусом и потушить еще минут 10. Подавать с рисом.</span></span></li>\r\n</ol>", "slug": "recipe-5", "cooking_time": 30, "image": "testCardImg.png", "pub_date": "2021-06-04T15:15:21.050Z", "ingredients": [33, 34, 35, 36, 37, 38, 39, 40, 41], "tag": [3]}}, {"model": "recipes.recipe", "pk": 6, "fields": {"author": 1, "title": "Азу по‑татарски", "description": "<p><span style=\"font-size:14px\"><span style=\"font-family:Times New Roman,Times,serif\"><em>Азу по-татарски. Одно из немногих блюд, удостоившихся в советской продуктовой традиции продажи с именной нарезкой. И до сих пор в кулинариях и супермаркетах можно найти говядину, которую режут соломкой и продают как азу. Насчет самого блюда до сих пор идут споры, как и с чем готовить: использовать говядину или баранину, топленое или обычное масло, тушить в казане или сотейнике с толстым дном. Редакций этого блюда может быть много, но основа его всегда неизменна &mdash; это нарезанное соломкой мясо, картофель и томатный соус.</em></span></span></p>\r\n\r\n<p style=\"text-align:center\"><span style=\"font-size:18px\"><strong><span style=\"font-family:Times New Roman,Times,serif\"><em>Приготовление</em></span></strong></span></p>\r\n\r\n<ol>\r\n\t<li><span style=\"font-family:Times New Roman,Times,serif\"><span style=\"font-size:16px\">Мясо промыть, нарезать соломкой и слегка обжарить в казане в разогретом растительном масле.</span></span></li>\r\n\t<li><span style=\"font-family:Times New Roman,Times,serif\"><span style=\"font-size:16px\">Добавить порезанный тонкими полукольцами лук и обжаривать мясо с луком до мягкости лука</span></span></li>\r\n\t<li><span style=\"font-family:Times New Roman,Times,serif\"><span style=\"font-size:16px\">Добавить томатную пасту, мелко нарезанные или тертые на крупной терке огурцы. Залить водой или бульоном и тушить под крышкой до полной готовности мяса.</span></span></li>\r\n\t<li><span style=\"font-family:Times New Roman,Times,serif\"><span style=\"font-size:16px\">В отдельной сковороде обжарить нарезанный соломкой картофель.</span></span></li>\r\n\t<li><span style=\"font-family:Times New Roman,Times,serif\"><span style=\"font-size:16px\">огда картофель будет почти готов, переложить его в казан с тушеным мясом, добавить, соль, перец, лавровый лист и пропущенный через чеснокодавилку или мелко порезанный чеснок</span></span></li>\r\n\t<li><span style=\"font-family:Times New Roman,Times,serif\"><span style=\"font-size:16px\">Осторожно перемешать и тушить картофель с мясом до готовности примерно 5-7 минут.</span></span></li>\r\n</ol>", "slug": "recipe-6", "cooking_time": 30, "image": "testCardImg.png", "pub_date": "2021-06-04T15:18:41.565Z", "ingredients": [42, 43, 44, 45, 46, 47, 48], "tag": [3]}}, {"model": "recipes.recipe", "pk": 7, "fields": {"author": 1, "title": "Классическая шарлотка", "description": "<p><span style=\"font-size:14px\"><span style=\"font-family:Times New Roman,Times,serif\"><em>Классическая шарлотка. Важное сладкое блюдо советской и постсоветской истории. Легкое, пышное тесто, максимум яблочной начинки &mdash; у шарлотки всегда был образ приятного, простого и при этом лакомого и диетического блюда. Яблоки настоятельно рекомендуем взять из кислых сортов &mdash; вроде антоновки. Их можно класть как сырыми, так и предварительно слегка карамелизованными на сковородке. И сахара лучше не жалеть. Он магическим образом распределяется в нужном количестве в тесте, а излишки образуют сладкую корочку.</em></span></span></p>\r\n\r\n<p style=\"text-align:center\"><span style=\"font-size:18px\"><strong><span style=\"font-family:Times New Roman,Times,serif\"><em>Приготовление</em></span></strong></span></p>\r\n\r\n<ol>\r\n\t<li><span style=\"font-size:16px\"><span style=\"font-family:Times New Roman,Times,serif\">Разогреть духовку. Отделить белки от желтков. Белки взбить в крепкую пену, постепенно добавляя сахар</span></span></li>\r\n\t<li><span style=\"font-size:16px\"><span style=\"font-family:Times New Roman,Times,serif\">Продолжать взбивать, добавляя по одному желтки, затем гашеную соду и муку. Тесто по консистенции должно напоминать сметану.</span></span></li>\r\n\t<li><span style=\"font-size:16px\"><span style=\"font-family:Times New Roman,Times,serif\">Смазать противень растительным маслом. Вылить половину теста на противень, разложить равномерно нарезанные дольками яблоки, залить второй половиной теста.</span></span></li>\r\n\t<li><span style=\"font-size:16px\"><span style=\"font-family:Times New Roman,Times,serif\">Поместить противень в разогретую духовку. 3 минуты подержать при температуре 200 градусов, затем убавить до 180 и выпекать 20-25 минут.</span></span></li>\r\n</ol>", "slug": "recipe-7", "cooking_time": 35, "image": "testCardImg.png", "pub_date": "2021-06-04T15:22:19.136Z", "ingredients": [49, 50, 51, 52, 53, 54], "tag": [1, 2, 3]}}, {"model": "recipes.recipe", "pk": 8, "fields": {"author": 1, "title": "Курица «Пикассо»", "description": "<p style=\"text-align:center\"><span style=\"font-family:Times New Roman,Times,serif\"><span style=\"font-size:18px\"><strong><em>Приготовление&nbsp;</em></strong></span></span></p>\r\n\r\n<ol>\r\n\t<li><span style=\"font-family:Times New Roman,Times,serif\"><span style=\"font-size:16px\">Нарежьте болгарский перец кольцами (лучше выбрать трех разных цветов &mdash; это выглядит красочнее), предварительно удалив семена. Лук нарезать полукольцами, чеснок натереть на мелкой терке.</span></span></li>\r\n\t<li><span style=\"font-family:Times New Roman,Times,serif\"><span style=\"font-size:16px\">Куриные грудки посолить, поперчить. В комбинации 2 столовые ложки оливкового и 1 столовая ложка сливочного масла, обжарить грудки до золотистой корочки. Переложить в форму для духовки.</span></span></li>\r\n\t<li><span style=\"font-family:Times New Roman,Times,serif\"><span style=\"font-size:16px\">В этой же сковороде обжарить лук до золотистого цвета, переложить в форму к курице.</span></span></li>\r\n\t<li><span style=\"font-family:Times New Roman,Times,serif\"><span style=\"font-size:16px\">Время для болгарского перца &mdash; слегка обжарить кольца, пока они не станут мягкими &mdash; и к курице.</span></span></li>\r\n\t<li><span style=\"font-family:Times New Roman,Times,serif\"><span style=\"font-size:16px\">ертый чеснок поместить в сковороду, пассеровать 30 секунд, затем залить водой, добавив нарезанные помидоры (кожицу можно предварительно удалить), хорошо перемешать. Добавить итальянских трав, овощной бульонный кубик, соль, перец, щепотку мускатного ореха. Влить полстакана сливок, перемешать.</span></span></li>\r\n\t<li><span style=\"font-family:Times New Roman,Times,serif\"><span style=\"font-size:16px\">Варить соус 5 минут на медленном огне. Залить им курицу с овощами. Закрыть фольгой, отправить в духовку при температуре 200 градусов на 30 минут.</span></span></li>\r\n\t<li><span style=\"font-family:Times New Roman,Times,serif\"><span style=\"font-size:16px\">остать, посыпать натертым на терке сыром, поместить курицу обратно в духовку, но уже без фольги, еще на 15 минут, пока сыр не расплавится.</span></span></li>\r\n</ol>", "slug": "recipe-8", "cooking_time": 45, "image": "testCardImg.png", "pub_date": "2021-06-04T15:29:17.989Z", "ingredients": [55, 56, 57, 58, 59, 60, 61, 62, 63, 64, 65], "tag": [2, 3]}}]